{
    "hello": "Hello",
    "Home": "Home",
    "Quiz Play": "Quiz Play",
    "bookmark": "Bookmarks",
    "Invite Friends": "Invite Friends",
    "Instruction": "Instruction",
    "LeaderBoard": "Leaderboard",
    "Contact Us": "Contact Us",
    "About Us": "About Us",
    "Maintainance":"Maintainance",
    "Quizplay":"Quiz play",
    "404":"404",
    "More": "More",
    "Lets Play": "Lets Play",
    "No one can stop you": "No one can stop you",
    "Be" : "Be",
    "Smart":"Smart",
    "Ready":"Ready",
    "Noticed":"Noticed",
    "Many":"Many",
    "Quiz":"Quiz",
    "lots of":"lots of",
    "Categories":"Categories",
    "Winners":"Winners",
    "Train":"Train",
    "Losers":"Losers",
    "Complain":"Complain",
    "Train yourself and be quiz master":"Train yourself and be quiz master",
    "sub categories":"SubCategories",
    "levels":"levels",
    "level":"level",
    "Answer":"Answer",
    "Play Bookmark":"Play Bookmark",
    "Refer and Earn":"Refer and Earn",
    "Refer and Earn Text":"Refer your Friends, and you will get 50 coins each time your referral code is used and your friend will get 50 coins by using your referral code",
    "Your Referral Code":"Your Referral Code",
    "Invite Now":"Invite Now",
    "Tap to Copy":"Tap to Copy",
    "Copied":"Copied!",
    "Rank":"Rank",
    "Profile":"Profile",
    "Player":"Player",
    "Score":"Score",
    "Daily":"Daily",
    "Monthly":"Monthly",
    "Global":"Global",
    "About US":"About US",
    "Are you sure":"Are you sure?",
    "You won't be able to revert this":"You won't be able to revert this!",
    "Yes delete it":"Yes, delete it!",
    "Deleted":"Deleted!",
    "Data has been deleted":"Data has been deleted",
    "OOps":"OOps!",
    "Please Try again":"Please Try again.",
    "Enter Your Name":"Enter Your Name",
    "Enter Your Mobile Number":"Enter Your Mobile Number",
    "Delete Account":"Delete Account",
    "Logout":"Logout",
    "Quiz Details":"Quiz Details",
    "Questions Details":"Questions Details",
    "Coins":"Coins",
    "Attempted":"Attempted",
    "Submit":"Submit",
    "Correct":"Correct",
    "Incorrect":"Incorrect",
    "Login":"Login",
    "Sign Up":"Sign Up",
    "Play Again":"Play Again",
    "Review Answers":"Review Answers",
    "Back":"Back",
    "You scored":"You scored",
    "out of":"out of",
    "Continue":"Continue",
    "Reason":"Reason",
    "Enter your Reason":"Enter your Reason",
    "Success":"Success!",
    "Question Reported successfully":"Question Reported successfully.",
    "Cannot Remove Question from Bookmark":"Cannot Remove Question from Bookmark.",
    "No Questions Found":"No Questions Found.",
    "Coins will be deducted from your account":"Coins will be deducted from your account",
    "Cancel":"Cancel",
    "Questions":"Questions",
    "Please Wait":"Please Wait....",
    "Dont have account":"Don't have an account ?",
    "Forgot Password":"Forgot Password",
    "Error":"Error",
    "Please Enter correct Mobile Number with Country Code":"Please Enter correct Mobile Number with Country Code",
    "Successfully Verified":"Successfully Verified",
    "Please enter a 6 digit OTP code":"Please enter a 6 digit OTP code",
    "Otp Verification":"Otp Verification",
    "Please Enter mobile number":"Please Enter mobile number",
    "Request OTP":"Request OTP",
    "Back to Login":"Back to Login",
    "Verify Code":"Verify Code",
    "Trouble Logging In":"Trouble Logging In",
    "send link to get account":"Enter your email, phone, or username and we will send you a link to get back into your account.",
    "Send":"Send",
    "Already have an account":"Already have an account ?",
    "Enter Your Email":"Enter Your Email",
    "Enter Your Password":"Enter Your Password",
    "Create Account":"Create Account",
    "Not Attempted":"Not Attempted",
    "user success message":"User updated successfully",
    "Privacy Policy":"Privacy Policy",
    "Terms and Conditions":"Terms and Conditions",
    "user agreement message":"By Signing Up / Login , you agree to our",
    "Enter your OTP":"Enter your OTP",
    "Question removed from Bookmark":"Question removed from Bookmark",
    "No Data Found":"No Data Found",
    "Sort":"Sort",
    "Oops, looks like the page is lost":"Oops, looks like the page is lost",
    "This is not a fault, just an accident that was not intentional":"This is not a fault, just an accident that was not intentional.",
    "Upload File":"Upload File",
    "You Don't have enough coins":"You Don't have enough coins",
    "This Lifeline is not allowed":"This Lifeline is not allowed",
    "Note":"Note",
    "Winner":"Winner",
    "Congratulations":"Congratulations",
    "Defeat":"Defeat",
    "Better Luck Next Time":"Better Luck Next Time",
    "Next Level":"Next Level",
    "No Unlocked Levels Found":"No Unlocked Levels Found.",
    "No Subcategories Found":"No Subcategories Found.",
    "Please Verify your Email First":"Please Verify your Email First",
    "User Not Found":"User Not Found",
    "Password is wrong":"Password is wrong",
    "OTP has been sent":"OTP has been sent",
    "Resend OTP":"Resend OTP",
    "Notification":"Notification",
    "Incorrect Answers":"Incorrect Answers",
    "Correct Answers":"Correct Answers",
    "We Apologize for the inconvenience, but we are performing some maintenance. We will back soon":"We Apologize for the inconvenience, but we are performing some maintenance. We will back soon",
    "Policy":"Policy",
    "Company":"Company",
    "Find Us Here":"Find Us Here",
    "Copyright":"Copyright",
    "Made By":"Made By",
    "lifeline_already_used" : "Lifeline already used",
    "No Category Data Found":"No Category Data Found",
    "No Subcategories Data Found":"No Subcategories Data Found",
    "No Levels Data Found":"No Levels Data Found",
    "Fun and Learn Play":"Fun and Learn Play",
    "Fun and Learn":"Fun and Learn",
    "Fun and Play":"Fun and Play",
    "Let`s Start":"Let`s Start",
    "Guess the Word":"Guess the Word",
    "Hint":"Hint",
    "Clear":"Clear",
    "Self Learning":"Self Learning",
    "DashboardPlay":"DashboardPlay",
    "Contest LeaderBoard":"Contest LeaderBoard",
    "No Live Contest":"No Live Contest",
    "Entry Fees":"Entry Fees",
    "Ends On":"Ends On",
    "players":"players",
    "Play":"Play",
    "No Past Contest":"No Past Contest",
    "No Upcoming Contest":"No Upcoming Contest",
    "Past":"Past",
    "Live":"Live",
    "Upcoming":"Upcoming",
    "Quiz Zone":"Quiz Zone",
    "Daily Quiz":"Daily Quiz",
    "True & False":"True & False",
    "Fun & Learn":"Fun & Learn",
    "Guess The Word":"Guess The Word",
    "Self Challenge":"Self Challenge",
    "Contest Play":"Contest Play",
    "1 v/s 1 Battle":"1 v/s 1 Battle",
    "Group Battle":"Group Battle",
    "1 vs 1 Battle":"1 vs 1 Battle",
    "Current Coins":"Current Coins",
    "Create Room":"Create Room",
    "Join Room":"Join Room",
    "Room code":"Room code",
    "Share this room code to friends and ask them to join":"Share this room code to friends and ask them to join",
    "Start Game":"Start Game",
    "Lets Get Started":"Lets Get Started",
    "Random Battle":"Random Battle",
    "Entry Fess":"Entry Fess",
    "Play With Friend":"Play With Friend",
    "Opponent not found":"Opponent not found",
    "Try Again Later!":"Try Again Later!",
    "Retry":"Retry",
    "points":"points",
    "Enter room code here":"Enter room code here",
    "Enter Code":"Enter Code",
    "Create":"Create",
    "Join":"Join",
    "Good luck next time":"Good luck next time",
    "You Lose":"You Lose",
    "Unfortunately lost 5 coins":"Unfortunately lost 5 coins",
    "Tie":"Tie",
    "Loser":"Loser",
    "Color Code":"Color Code",
    "Attended Question":"Attended Question",
    "Un-Attempted":"Un-Attempted",
    "GroupBattle":"GroupBattle",
    "Select Category":"Select Category",
    "Select SubCategory":"Select SubCategory",
    "Select Number of Questions":"Select Number of Questions",
    "Select Time Period in Minutes":"Select Time Period in Minutes",
    "Please Wait for others Players to Complete their Match":"Please Wait for others Players to Complete their Match",
    "Audio Questions":"Audio Questions",
    "Room is deleted by owner":"Room is deleted by owner",
    "you dont have enough coins":"you dont have enough coins",
    "please enter a room code":"please enter a room code",
    "room code is not valid":"room code is not valid",
    "room is full":"room is full",
    "Room is deleted":"Room is deleted",
    "Not enough coins":"Not enough coins",
    "Show Answers":"Show Answers",
    "Please Add Data No Data Found":"Please Add Data No Data Found",
    "This Level is Locked. Play previous levels to unlock":"This Level is Locked. Play previous levels to unlock",
    "Successfully Login":"Successfully Login",
    "Email sent! Please check Email":"Email sent! Please check Email",
    "Successfully Updated":"Successfully Updated",
    "Invalid Room Code":"Invalid Room Code",
    "Game Started":"Game Started",
    "Document does not exist!":"Document does not exist!",
    "please enter code":"please enter code",
    "Profile update is not allowed in demo version.":"Profile update is not allowed in demo version.",
    "Coming Soon":"Coming Soon",
    "Please select Number of Questions":"Please select Number of Questions",
    "Please select Number of Timer":"Please select Number of Timer",
    "Math Mania":"Math Mania",
    "Load More":"Load More",
    "MathmaniaPlay":"MathmaniaPlay",
    "Loading...":"Loading...",
    "Reset Password":"Reset Password",
    "Otp Verify":"Otp Verify",
    "Exam Rules":"Exam Rules",
    "I will not copy and give this exam with honesty":"I will not copy and give this exam with honesty",
    "If you lock your phone then exam will complete automatically":"If you lock your phone then exam will complete automatically",
    "If you minimize application or open other application and don't come back to application with in 5 seconds then exam will complete automatically":"If you minimize application or open other application and don't come back to application with in 5 seconds then exam will complete automatically",
    "Screen recording is prohibited":"Screen recording is prohibited",
    "In Android screenshot capturing is prohibited":"In Android screenshot capturing is prohibited",
    "In ios, if you take screenshot then rules will violate and it will inform to examinator":"In ios, if you take screenshot then rules will violate and it will inform to examinator",
    "i agree with exam rules":"i agree with exam rules",
    "Please agree to the exam rules":"Please agree to the exam rules",
    "Invalid exam key":"Invalid exam key",
    "Marks":"Marks",
    "Exam Module":"Exam Module",
    "Exam Result":"Exam Result",
    "Obtained Marks":"Obtained Marks",
    "Exam Duration":"Exam Duration",
    "Completed In":"Completed In",
    "Total Questions":"Total Questions",
    "Total":"Total",
    "Mark Questions":"Mark Questions",
    "Exam":"Exam",
    "Today":"Today",
    "Completed":"Completed",
    "No exam for today":"No exam for today",
    "Have not completed any exam yet":"Have not completed any exam yet",
    "My Rank":"My Rank",
    "Coin History":"Coin History",
    "previous":"previous",
    "next":"next",
    "Quiz Win":"Quiz Win",
    "Daily Quiz Review Answer":"Daily Quiz Review Answer",
    "Audio Quiz Win":"Audio Quiz Win",
    "Audio Quiz Review Answer":"Audio Quiz Review Answer",
    "Used Hint Lifeline":"Used Hint Lifeline",
    "Quiz Zone Win":"Quiz Zone Win",
    "ContestPlay Review Answer":"ContestPlay Review Answer",
    "ContestPlay Quiz Win":"ContestPlay Quiz Win",
    "Fun and Play Review Answer":"Fun and Play Review Answer",
    "Fun and Play Quiz Win":"Fun and Play Quiz Win",
    "Group Battle Quiz Win":"Group Battle Quiz Win",
    "GuesstheWord Review Answer":"GuesstheWord Review Answer",
    "GuesstheWord Quiz Win":"GuesstheWord Quiz Win",
    "Used Guesstheword Hint":"Used Guesstheword Hint",
    "MathMania Review Answer":"MathMania Review Answer",
    "MathMania Quiz Win":"MathMania Quiz Win",
    "Random Battle Review Answer":"Random Battle Review Answer",
    "Random Battle Quiz Win":"Random Battle Quiz Win",
    "SelfLearning Review Answer":"SelfLearning Review Answer",
    "SelfLearning Quiz Win":"SelfLearning Quiz Win",
    "Create GroupBattle Room":"Create GroupBattle Room",
    "Create PlayWithFriend Room":"Create PlayWithFriend Room",
    "Create Randombattle Room":"Create Randombattle Room",
    "True & False Review Answer":"True & False Review Answer",
    "welcomeBonus":"welcomeBonus",
    "Lifeline":"Lifeline",
    "No Data Found! Please Add Data From Admin Panel":"No Data Found! Please Add Data From Admin Panel",
    "All Rights Reserved.":"All Rights Reserved.",
    "checkout our web and enjoy quiz":"checkout our web and enjoy quiz",
    "Badges":"Badges",
    "You Won Dashing Debut Badge":"You Won Dashing Debut Badge",
    "You Won Combat Winner Badge":"You Won Combat Winner Badge",
    "You Won Ultimate Player Badge":"You Won Ultimate Player Badge",
    "You Won Clash Winner Badge":"You Won Clash Winner Badge",
    "You Won Most Wanted Winner Badge":"You Won Most Wanted Winner Badge",
    "You Won Super Sonic Badge":"You Won Super Sonic Badge",
    "You Won Flashback Badge":"You Won Flashback Badge",
    "You Won Brainiac Badge":"You Won Brainiac Badge",
    "You Won One Big Think Badge":"You Won One Big Think Badge",
    "You Won Elite Badge":"You Won Elite Badge",
    "You Won Thirsty Badge":"You Won Thirsty Badge",
    "You Won Power Elite Badge":"You Won Power Elite Badge",
    "You Won Sharing Caring Badge":"You Won Sharing Caring Badge",
    "You Won Quiz Warrior Badge":"You Won Quiz Warrior Badge"
}